127.97,37.0616,8,124.298889,19.942285,265,318,504,1
131.73,35.7096,6,127.405432,8.134748,251,508,893,1
131.21,5.7139,3,131.456914,2.047222,203,330,772,1
130.83,55.0411,2,130.720617,3.791722,196,314,700,1
131.27,6.4099,6,126.294568,9.28881,253,304,524,1
134.4,20.1979,2,132.356296,4.121992,216,290,628,1
130.66,63.9716,1,127.118519,6.782095,266,524,970,1
132.36,15.4171,12,129.699877,7.512714,236,277,549,1
128.88,32.36,13,123.839877,17.287518,237,319,547,1
131.1,6.1444,5,131.159753,4.789901,247,249,636,1
131.82,2.6496,14,131.09321,5.749351,212,411,858,1
131.14,16.88,24,130.296543,12.244811,233,325,634,1
132.61,41.3284,3,131.233704,2.968251,225,431,887,1
131.1,59.8675,11,127.844198,20.162872,255,288,487,1
132.07,14.3256,17,132.41679,2.868964,216,400,865,1
132.02,9.8179,2,128.52358,5.146776,249,506,1011,1
131.56,28.9056,14,131.056667,8.241744,210,412,826,1
132.41,6.0971,8,131.781728,3.533643,233,286,715,1
131.11,18.8316,3,128.406296,8.379276,255,492,885,1
132.17,23.06,5,131.357407,8.912814,233,322,659,1
130.93,7.8875,0,130.399012,8.80796,241,441,939,1
130.56,18.5416,7,128.521975,13.560977,264,247,478,1
131.97,19.9379,19,131.956049,3.490821,203,353,886,1
132.68,41.2299,24,129.575309,20.371389,251,275,507,1
134.54,13.8931,3,132.332469,4.317438,203,307,747,1
132.54,45.6884,8,129.543704,6.788872,230,284,633,1
131.75,79.3076,3,129.289259,3.648973,267,425,828,1
132.35,2.8256,8,131.283086,4.519424,232,302,722,1
131.26,3.1816,12,131.828272,3.963202,217,283,691,1
131.63,22.4296,6,127.708765,9.908641,259,447,760,1
131.52,48.3676,5,129.348519,5.131998,235,479,936,1
131.88,58.7096,6,130.073827,3.254411,275,466,810,1
132.07,12.8084,21,131.457284,8.599986,209,365,796,1
133.34,7.06,0,131.018148,4.742948,218,471,1005,1
130.5,33.8891,2,129.305926,7.099869,238,460,861,1
131.2,3.7011,5,131.289506,4.022766,225,283,707,1
131.08,8.33,10,130.482469,4.510504,262,300,597,1
130.52,8.9376,5,130.794074,3.448557,260,400,858,1
132.1,3.6275,1,131.751728,3.570536,231,298,741,1
130.41,10.6924,13,130.924568,11.090151,216,416,896,1
131.51,52.5924,6,128.713333,4.436238,257,518,979,1
131.59,17.5659,6,131.43037,4.116663,260,355,728,1
129.3,44.3851,13,124.045432,11.140345,266,311,492,1
130.92,30.1171,13,127.849753,9.515587,251,262,474,1
131.53,4.1275,9,131.522593,6.486115,217,392,834,1
130.91,71.82,11,128.841852,8.822038,238,316,496,1
132.8,64.0376,7,131.698889,12.04324,235,313,622,1
130.56,2.3779,3,130.944198,9.25603,228,439,914,1
128.17,53.1404,10,126.383951,5.142217,291,277,480,1
132.14,8.7531,9,130.858272,5.821824,223,289,594,1
129.68,18.5939,11,127.741852,10.031609,205,287,522,1
132.12,6.4584,3,130.731358,4.787648,270,288,573,1
133,3.45,10,131.398765,4.885248,221,453,941,1
132.22,44.4576,2,127.99679,12.748587,260,281,616,1
130.08,46.9016,5,126.366667,13.569808,284,315,517,1
131.2,6.35,8,130.85679,4.380956,251,282,617,1
131.39,12.4419,10,131.590988,9.553702,228,437,890,1
129.8,18.2536,8,126.320741,15.484018,264,280,522,1
130.41,10.6931,18,131.176543,2.248887,205,378,901,1
131.19,16.1004,4,131.136667,12.807777,255,414,765,1
132.55,18.5675,3,131.590247,4.295436,214,306,778,1
131.41,9.4436,38,132.416543,2.260041,210,358,838,1
132.65,10.5004,2,132.470988,2.538733,212,341,839,1
131.24,8.2736,2,132.105432,3.296968,176,300,738,1
131.2,6.3499,8,130.904321,5.839328,194,335,694,1
132.86,14.1936,4,132.200494,5.352771,198,316,636,1
130.58,10.7331,14,131.585556,4.705588,230,289,680,1
130.76,42.6756,18,131.266049,6.50336,224,372,715,1
133.04,14.9204,5,127.904568,4.029106,256,542,1009,1
131.28,89.9971,4,129.518519,4.576977,229,493,968,1
130.96,77.3891,26,130.007407,12.531951,229,325,581,1
130.48,9.8411,16,130.899506,5.663513,189,428,905,1
131.3,113.19,20,130.709012,7.955379,216,314,587,1
131.58,80.9339,6,131.245185,17.225933,244,428,768,1
131.12,9.94,14,126.51358,10.529305,266,290,500,1
131.1,18.9419,7,129.927284,3.784569,261,296,574,1
131.56,73.3136,15,131.536296,4.776745,208,347,814,1
131.87,9.9499,21,131.739012,4.331472,220,282,698,1
130.13,4.7196,9,125.519383,15.93244,253,313,507,1
130.26,2.5051,9,130.894444,5.340826,218,421,980,1
130.54,15.8836,13,127.631728,7.800983,251,271,427,1
132.56,43.6811,3,131.381358,8.588235,239,373,750,1
129.48,19.19,6,126.650988,25.73835,262,281,501,1
132.44,5.0704,8,131.010494,3.981378,227,279,621,1
128.64,10.9371,14,126.260494,24.403999,271,302,505,1
130.66,17.9364,2,129.534691,12.76999,243,496,953,1
131.91,83.4971,11,128.250864,8.786077,232,330,522,1
129.52,62.0971,4,128.029753,5.664031,266,481,853,1
132.68,8.6291,0,131.912346,2.758851,207,281,707,1
126.36,63.37,20,122.545802,10.299565,284,309,488,1
131.2,10.9076,23,131.282469,4.809891,202,388,917,1
130.58,53.3836,0,129.196543,8.593938,246,462,854,1
132.32,49.7376,6,131.104321,9.591271,205,337,674,1
135.06,13.8524,3,131.871111,4.820889,220,300,691,1
131.73,2.4051,4,131.757284,3.87603,194,280,675,1
128.58,7.2564,9,124.389877,38.640531,280,295,455,1
132.47,25.3764,10,127.169012,8.643415,285,469,789,1
131.52,28.4036,13,131.292963,3.876172,213,375,859,1
130.05,22.7016,17,129.998642,6.622759,226,455,879,1
130.13,2.1691,12,126.210741,16.028468,267,295,548,1
129.06,26.3851,8,126.540123,23.477672,267,237,434,1
132.62,71.8611,16,129.533333,10.205743,254,300,674,1
132.51,8.4475,14,131.739136,7.493302,233,289,632,1
125.25,49.4484,11,121.826049,17.187921,294,307,477,1
133.06,60.8264,3,128.652963,5.804564,249,461,882,1
132.88,22.3259,9,131.467037,3.953325,237,327,755,1
130.24,45.9204,15,128.915185,9.408339,199,300,574,1
130.52,11.7896,13,130.257284,7.589533,229,458,886,1
131.01,16.8459,6,130.424444,7.369674,243,447,839,1
132.12,52.7296,5,127.308519,4.647274,298,452,802,1
132.73,4.8979,12,131.179136,8.883618,255,255,550,1
132.5,15.8624,8,130.598395,6.021459,233,289,706,1
129.66,19.2659,3,126.297531,28.454554,283,297,553,1
130.36,9.3584,11,130.480988,10.611143,253,459,849,1
131.42,19.4144,18,131.524938,3.296665,220,297,628,1
132.26,15.4684,4,131.722469,5.819116,220,306,704,1
130.15,12.5075,6,130.181852,4.612483,273,418,758,1
130.12,5.3476,10,130.955926,6.364798,227,436,891,1
132.66,5.49,13,131.901235,2.313241,196,400,952,1
131.23,32.5419,2,131.161728,5.147939,274,371,688,1
131.86,9.2716,6,131.33642,13.8578,211,397,734,1
131.01,27.8744,20,131.86716,4.149018,220,354,726,1
129.59,39.6224,21,125.172716,21.92919,281,299,522,1
132.81,16.27,5,131.971975,6.554961,192,308,684,1
130.56,14.2675,7,130.707407,4.654955,221,474,956,1
131.56,25.5819,6,126.782716,21.370835,226,342,606,1
131.62,4.94,7,131.960988,6.717981,206,296,636,1
131.91,12.7299,3,132.27716,3.115195,207,332,783,1
130.87,55.76,1,129.770247,7.161993,234,468,890,1
130.18,1.1616,13,130.649012,4.689706,261,391,782,1
131.72,31.41,7,131.588765,9.447552,250,398,815,1
131.2,16.8051,9,131.786667,4.536195,208,302,654,1
131.44,8.7736,13,130.704691,4.940387,271,300,556,1
130.82,3.5875,9,131.015802,4.864775,220,403,891,1
131.51,49.0496,2,128.618765,5.002408,247,510,928,1
130.85,11.5044,11,130.589383,4.946993,220,290,615,1
132.38,8.3376,11,130.857901,3.917779,232,268,609,1
132.25,102.27,1,131.187901,12.463925,230,320,608,1
131.2,108.1571,4,129.385556,7.368811,254,462,828,1
130.45,12.6699,13,131.26963,5.218581,267,427,766,1
131.24,2.9291,8,131.279383,3.689459,250,397,866,1
133.24,9.8659,11,131.86037,8.31727,246,369,789,1
132.29,180.4251,0,129.469877,7.637295,273,444,801,1
132.5,3.8259,10,131.64963,5.674077,231,295,637,1
132.14,21.98,7,128.537778,10.776528,265,452,764,1
130.99,26.0459,11,129.711111,6.103624,226,448,865,1
130.57,38.8684,18,129.935679,4.762532,253,289,544,1
131.62,36.9219,15,130.385679,7.866017,237,313,542,1
133.08,4.91,8,131.631728,4.939598,226,447,944,1
133.73,6.7659,6,132.257778,3.267137,197,301,770,1
130.15,10.7099,8,125.085185,16.580946,281,272,493,1
132.73,14.74,5,131.469136,3.57011,215,340,821,1
132.89,18.0291,12,130.935926,4.910737,218,286,561,1
132.2,16.7736,8,132.19321,3.838291,192,376,861,1
131.57,22.3456,5,131.362716,6.09847,264,356,645,1
132.99,11.82,20,128.738272,8.028306,240,260,484,1
132.97,7.4464,6,131.768889,6.779036,228,302,661,1
131.77,16.0675,15,131.599383,4.029405,231,332,772,1
130.3,25.4164,11,129.291852,18.416785,235,331,628,1
131.9,476.2275,15,131.312346,8.243796,227,325,601,1
130.44,32.8444,10,130.105926,12.185323,215,335,626,1
135.47,12.1859,3,132.441605,4.158236,210,297,695,1
132.96,18.8699,10,128.157531,15.459796,248,296,574,1
132.44,8.6196,6,132.268765,4.772452,197,296,619,1
130.92,11.3675,17,131.468272,6.55531,201,377,904,1
132.04,43.9859,12,129.494815,12.806623,248,317,611,1
133.21,36.8099,11,131.79716,9.501284,235,320,674,1
133.09,32.7011,16,130.483086,8.611364,237,296,628,1
131.33,49.3675,0,129.428395,7.391277,258,483,868,1
132.65,5.5899,2,132.257407,3.289936,182,351,828,1
130.63,5.3984,9,125.048642,16.473421,283,292,501,1
132.08,24.1,14,131.094321,10.627586,205,364,770,1
131.7,15.4336,14,129.32358,8.055836,258,304,624,1
129.94,4.8984,10,131.161728,5.517246,273,431,778,1
133.08,38.0211,4,131.613086,3.886788,215,323,794,1
131.47,26.8731,4,129.745185,11.538441,242,480,874,1
131.51,21.6916,23,131.995062,7.271426,219,373,716,1
132.53,41.62,15,129.088272,11.857351,246,280,546,1
132.85,31.0736,4,129.396173,4.687106,236,507,998,1
131.58,59.3704,0,130.809753,12.709773,208,334,633,1
129.25,6.4059,8,131.031481,6.087722,224,424,891,1
131.2,10.4419,5,131.279012,4.388059,272,368,716,1
129.5,29.8859,9,127.361605,23.995605,241,310,535,1
131.02,18.99,0,129.53963,4.350492,235,448,929,1
131.66,35.9651,3,129.132716,10.2548,255,469,874,1
130.54,47.48,20,131.015926,4.810568,211,299,646,1
132.11,23.9179,26,126.18716,18.412847,282,306,530,1
131.97,13.2956,7,131.901481,2.69743,198,276,682,1
129.55,364.4436,7,127.433827,9.422098,214,343,565,1
132.52,8.1891,4,131.987654,3.27053,201,299,702,1
128.6,24.8956,9,125.326667,25.43139,271,251,438,1
133.46,2.3219,8,131.854938,3.118619,204,291,653,1
130.66,31.5259,5,131.023704,4.489232,266,350,662,1
130.95,43.52,4,127.892963,11.902779,248,506,908,1
131.96,176.2099,11,131.256049,7.774074,239,386,779,1
132.21,30.5656,10,132.158148,6.037598,196,301,647,1
133.25,3.5596,11,131.530494,3.671984,224,293,706,1
132.49,4.9275,7,131.837778,6.990862,203,328,704,1
131.25,2.0931,6,130.785309,7.36251,199,338,664,1
130.08,198.8891,5,131.755802,17.201705,219,352,666,1
131.27,50.0176,4,129.517654,4.569505,260,280,536,1
132.77,15.2419,11,129.52037,15.282092,277,324,671,1
132.92,26.0051,10,132.261975,3.871089,231,330,720,1
130.25,13.3979,9,129.128148,3.685546,257,242,555,1
132.19,14.7536,3,132.224321,3.077623,200,320,726,1
131.79,7.4771,10,130.55679,4.505538,268,313,589,1
131.28,51.4611,11,130.275679,5.349055,230,300,618,1
131.99,50.0819,16,127.51679,9.758303,254,469,793,1
131.62,17.0899,3,132.063086,2.667893,194,300,730,1
130.6,13.1675,8,126.593086,18.108394,229,331,519,1
131.55,57.9219,4,131.360123,13.54889,211,359,665,1
131.73,25.5851,18,130.021728,5.240126,280,284,525,1
130.97,5.9984,11,130.729012,4.591532,186,317,683,1
132.16,7.1571,9,127.170741,14.102583,265,264,574,1
129.42,19.6184,5,127.566914,5.060954,278,250,511,1
131.74,14.4256,11,130.640864,4.842433,236,291,648,1
132.55,47.5851,4,130.19321,6.367503,273,436,816,1
132.53,67.3624,9,127.840988,9.809508,283,446,773,1
131.83,39.1276,23,130.179383,3.989103,242,255,586,1
132.75,5.4851,11,132.111852,3.869116,185,393,937,1
132.76,13.9691,5,129.807037,3.967053,233,473,936,1
130.02,11.7291,15,126.243457,15.556008,269,295,544,1
128.45,87.1579,3,123.193951,25.070569,257,284,426,1
130.22,96.28,4,129.142222,8.178253,211,322,588,1
130.8,94.0259,7,124.183086,24.947563,231,343,549,1
130.82,5.2064,6,130.268395,12.287825,233,342,659,1
131.12,6.8091,9,131.354198,9.683181,228,375,772,1
131.46,12.3475,24,130.406173,4.784025,267,278,547,1
132.2,18.7979,11,130.49716,4.705278,239,256,561,1
132.44,14.8099,3,131.594568,2.542424,199,314,745,1
132.63,19.5275,13,131.367531,8.510631,242,288,576,1
132.11,5.79,8,131.748148,2.959465,219,300,612,1
129.66,69.5771,14,129.541975,4.753495,257,246,579,1
131.97,12.3264,15,131.985926,2.367646,202,374,911,1
132.67,5.1704,3,132.025926,3.496379,182,288,705,1
131.85,4.8896,16,130.661975,4.176566,266,278,579,1
131.3,8.1184,7,131.791481,3.851554,207,424,952,1
130.51,18.75,13,130.257901,4.908365,262,287,560,1
130.02,29.4859,15,131.259877,5.75225,274,392,744,1
131.64,15.7356,10,131.646543,6.118732,210,308,646,1
130.08,26.0675,8,128.070247,5.97078,271,469,921,1
130.86,10.2619,8,131.75,5.415206,246,392,839,1
129.34,4.6651,14,127.544938,23.362759,249,320,554,1
122.25,102.5784,2,123.220988,33.303783,264,337,508,1
132.53,7.4276,11,132.034815,2.923281,210,309,734,1
132.77,37.9931,2,130.520988,4.235743,228,461,930,1
131.9,36.7275,8,128.956173,9.295942,281,341,539,1
130.26,33.6379,15,127.756914,21.910264,261,287,512,1
134.35,8.37,4,132.381605,3.999662,213,289,622,1
131.09,14.9316,8,130.794321,4.516847,262,339,630,1
133.2,5.1331,12,131.893086,3.31642,217,309,752,1
131.23,14.7219,7,127.108889,4.30429,238,520,931,1
127.38,61.7475,17,124.072346,8.352967,274,297,489,1
132.15,5.3011,4,131.590123,4.609181,226,305,728,1
132.83,42.41,13,130.041605,4.932312,242,271,583,1
132.59,38.5164,16,130.261728,11.441998,255,291,545,1
129.03,11.7464,8,126.986049,4.053711,302,267,467,1
132.9,27.4904,5,128.810617,4.932301,233,516,968,1
128.4,17.2219,8,125.750617,32.458459,282,304,479,1
132.05,15.3476,4,132.001975,5.232582,209,298,673,1
130.4,3.6644,8,130.625926,8.480904,211,325,627,1
130,9.2784,12,125.017654,17.568711,235,303,512,1
132.61,1.6564,8,132.283827,3.075624,215,409,864,1
131.8,44.7756,18,129.330741,15.067244,285,328,572,1
129.23,131.82,12,126.647778,22.616405,256,295,505,1
131.6,13.1216,4,132.372593,2.465473,203,336,785,1
131.36,21.3739,1,131.491358,2.389644,204,307,706,1
129.44,20.7596,17,123.361481,39.228979,271,296,467,1
129.68,9.8584,12,128.904321,19.536927,241,306,546,1
130.71,2.2275,5,131.253457,9.646208,230,396,775,1
131.45,29.0139,9,125.824815,17.662568,288,295,468,1
131.66,63.4651,2,129.788889,3.021855,268,427,873,1
129.78,27.9296,18,129.727407,12.305624,246,325,530,1
131.37,64.3859,11,126.948025,9.159574,301,327,517,1
131.71,5.6776,8,131.505926,3.556255,221,309,752,1
128.17,24.22,8,127.62716,11.675085,253,288,500,1
132.44,19.1275,5,128.795062,13.70822,268,295,516,1
132.12,40.2459,2,130.443951,3.719675,290,456,814,1
130.73,30.6075,0,131.119012,10.463304,210,350,756,1
132.19,17.1,14,129.406543,10.842122,245,296,612,1
132.96,40.56,20,130.94284,6.032222,213,289,592,1
133.15,16.0296,2,130.887037,4.665735,227,461,952,1
131.04,4.4875,3,131.432222,3.333407,194,291,655,1
135.56,6.2131,9,132.285679,4.851448,204,301,709,1
133.55,47.1675,25,129.461852,7.851864,205,307,609,1
130.61,49.6059,0,129.77321,4.137347,219,462,934,1
133.32,3.7704,6,131.942469,5.010158,217,449,937,1
129.98,14.8636,13,131.09679,5.552308,204,385,849,1
131.73,14.4699,11,130.997654,3.286365,229,294,650,1
131.82,6.3019,13,126.833086,7.574768,253,284,490,1
132.3,35.64,16,130.55642,6.946016,245,293,620,1
130.42,21.8324,4,131.658025,4.634266,200,305,657,1
130.84,18.7419,3,129.121111,11.908568,242,502,936,1
132.68,16.2164,15,132.309012,3.673047,194,350,902,1
132.07,46.1259,18,131.916296,15.297505,233,373,717,1
130.56,3.9075,17,126.917407,14.49304,221,304,562,1
132.58,17.9075,15,130.617284,6.302945,218,302,650,1
128.18,36.6496,19,126.860247,11.926155,258,288,477,1
131.27,35.95,19,124.601235,11.619517,262,301,476,1
132.82,13.5096,6,130.889753,4.262889,285,438,830,1
131,8.2851,10,125.836173,17.069357,224,300,536,1
131.42,31.9184,18,131.998148,7.25306,214,399,862,1
129.56,15.4016,14,125.334198,23.850537,268,252,431,1
129.23,32.1675,5,126.415926,5.078206,285,274,464,1
132.13,32.7979,0,131.11284,4.537068,272,341,674,1
131.09,18.7371,8,126.882222,7.660425,266,261,523,1
131.37,10.04,12,130.473457,6.656446,281,343,590,1
131.49,38.3475,13,131.00642,12.689328,237,427,800,1
131.91,17.1819,8,131.511975,4.069989,217,297,720,1
129.01,39.7716,7,125.541728,18.18375,260,272,453,1
132.37,4.6139,10,131.48679,6.118789,208,292,596,1
130.62,12.2184,14,128.41716,5.860891,292,263,500,1
131.03,22.4056,6,128.985802,11.024747,244,297,630,1
132.73,10.8216,11,130.18321,8.087835,234,286,572,1
132.37,32.61,4,130.025556,8.081485,252,308,669,1
132.07,8.6816,8,125.331111,15.065539,263,268,502,1
131.32,24.1939,9,127.274815,3.218073,285,450,856,1
131.37,38.7459,9,128.08963,6.020573,265,492,845,1
132.34,281.74,13,131.17963,8.23025,230,323,597,1
129.86,19.9771,10,125.514321,23.076172,249,303,475,1
132.98,40.8984,24,130.910741,8.375648,240,299,568,1
130.51,35.1531,3,131.082593,5.671082,276,365,673,1
130.41,73.0536,6,130.182593,8.055078,213,327,603,1
127.2,42.4276,13,126.605679,4.446651,286,264,440,1
132.02,5.9011,15,131.151235,7.773787,226,312,581,1
129.87,6.6424,11,131.304815,4.924448,215,379,863,1
131.17,3.0939,5,130.701975,4.485575,186,449,990,1
130.63,15.22,12,131.929259,6.585363,211,370,702,1
132.1,10.5104,25,130.635062,3.720024,241,264,601,1
130.29,30.4896,16,131.203827,4.849228,255,368,774,1
130.72,15.2916,14,130.529136,4.981437,272,285,578,1
128.11,16.5424,13,126.896296,3.899103,300,254,491,1
132.44,32.5844,6,131.532099,3.621746,235,272,668,1
132.51,5.9,16,132.218025,4.048272,196,373,947,1
132.48,23.4944,3,131.072346,4.402384,271,320,661,1
130.49,5.6896,14,131.264074,5.773442,208,398,954,1
131.06,40.8164,3,129.278519,10.277745,228,493,954,1
130.72,27.9784,0,130.494815,4.951843,218,450,936,1
132.51,36.5576,4,127.958765,4.677659,292,454,807,1
130.79,125.9344,23,131.208025,5.632374,215,374,820,1
130.32,17.8691,1,131.758025,3.678537,193,291,667,1
130.29,11.77,5,130.810494,4.798857,281,416,773,1
130.97,92.92,11,130.941481,8.138938,215,324,598,1
130.6,6.4771,6,131.047778,5.216032,212,394,873,1
132.33,44.28,5,127.696296,9.121114,256,458,758,1
131.98,23.6736,1,131.756667,4.417949,203,311,691,1
127.92,41.2875,8,125.724815,26.573312,257,325,547,1
130.78,32.5099,8,131.016914,9.236786,238,426,799,1
132.22,54.7516,1,128.937901,4.008294,239,480,972,1
132.11,9.9291,34,130.264321,5.074285,222,270,576,1
131.06,46.65,8,130.084074,4.557464,212,488,991,1
130.15,35.72,12,126.174198,21.640197,288,282,473,1
129.96,35.7744,5,130.602099,6.809621,234,426,852,1
133.52,9.6179,4,131.583333,4.707072,208,312,772,1
132.71,12.0891,10,131.177037,3.163158,215,456,966,1
132.59,10.1451,19,132.26963,3.737313,183,367,920,1
130,22.6476,6,127.377284,12.172221,227,317,570,1
131.76,6.72,10,131.455309,4.990724,234,294,663,1
131.81,69.4611,4,130.098395,6.942554,228,408,737,1
130.56,4.1176,10,130.779877,11.939531,243,440,837,1
132.02,14.6816,18,130.073827,6.507805,194,317,629,1
130.85,22.7075,14,126.941358,4.599474,287,474,804,1
131.23,14.4419,8,130.548272,13.533499,215,358,695,1
133.47,22.8331,1,131.975062,4.679195,209,327,723,1
130.86,5.9451,0,131.394691,16.468727,253,401,731,1
132.07,8.9004,3,130.95679,8.022219,218,325,633,1
131.52,9.62,14,130.908272,4.046313,231,257,625,1
130.84,18.2456,12,127.486914,12.928974,266,315,559,1
129.74,36.6756,11,126.184815,13.739353,296,300,554,1
129.84,15.8904,6,125.108889,15.882596,229,284,505,1
130.92,8.3675,8,130.627531,4.586062,269,318,606,1
132.82,3.4276,12,131.494444,3.399133,216,258,626,1
132.72,13.4331,0,132.113704,3.13156,198,327,796,1
132.83,17.3676,6,130.973333,3.163162,223,454,974,1
128.78,12.6176,4,126.693827,13.681096,260,312,531,1
130.74,44.8411,9,128.678765,17.776601,277,317,550,1
130.76,81.6579,4,127.559506,16.634662,228,352,604,1
131.57,68.1084,10,129.237901,10.555915,237,297,609,1
130.96,24.5339,17,131.651975,8.570421,223,356,723,1
133.7,18.5931,0,131.627037,4.720442,214,301,704,1
128.98,7.7116,11,125.501605,13.353182,221,301,530,1
130.79,41.4116,17,127.745432,15.369011,251,279,518,1
130.12,34.6675,0,128.250864,8.920079,208,326,587,1
130.89,29.3091,8,126.498889,29.046282,287,327,627,1
126.17,40.0491,21,123.250494,20.346544,273,310,488,1
132.36,7.3596,10,131.31642,3.373551,217,359,828,1
131.02,3.7464,12,130.908272,4.922486,201,298,662,1
132.28,4.0259,14,131.995679,2.944318,241,345,742,1
126.36,25.01,16,122.905926,18.414913,287,261,443,1
130.58,15.7091,13,127.918395,7.606836,241,298,536,1
132.25,20.8856,6,131.940247,3.964187,242,306,766,1
130.76,15.4819,11,128.477901,7.004065,241,293,555,1
128.68,17.1604,8,127.314691,4.997915,281,280,455,1
131.17,9.1571,1,130.037901,8.990215,260,463,853,1
130.48,13.9,13,126.144815,7.402132,265,280,508,1
130.52,5.2019,19,130.93284,2.876314,211,391,917,1
130.39,21.2331,4,128.676296,10.905671,251,519,928,1
131.98,64.0675,13,129.673086,5.476502,279,281,548,1
131.67,4.3051,10,132.108148,2.617634,198,334,830,1
130.11,35.4276,17,129.281852,9.407614,260,246,507,1
133.21,46.1891,13,131.084198,6.421302,275,363,625,1
131.86,21.25,2,128.082963,4.375485,266,513,978,1
130.56,7.7376,2,131.866173,3.418961,198,299,669,1
132.78,4.9875,21,132.275556,3.470955,198,320,842,1
131.4,4.67,16,130.995309,4.720971,197,425,971,1
132.1,13.05,10,129.092346,11.518166,241,475,843,1
131.4,6.5299,1,131.147531,4.460804,204,317,732,1
129.76,16.6475,7,127.485679,19.914627,264,240,454,1
131.2,59.3059,2,128.107284,9.959002,257,505,916,1
131.58,7.1384,1,132.214198,2.638088,200,315,740,1
130.49,37.8051,2,127.012963,5.126041,240,528,929,1
131.41,42.0019,14,129.793951,14.826573,261,256,498,1
132.76,83.7899,4,130.111605,4.347886,229,478,972,1
130.24,31.8059,11,128.992222,19.340744,247,315,562,1
132.47,47.5816,13,131.13963,5.979821,251,333,713,1
131.43,7.5499,8,131.492963,4.882646,212,300,663,1
130.83,20.2075,15,131.319383,4.921714,272,406,788,1
130.92,23.6651,14,125.759012,15.180028,302,328,517,1
131.79,17.2891,5,125.740123,20.757808,266,304,513,1
129.96,6.0819,5,130.61679,6.037877,219,448,908,1
128.72,9.2804,10,123.052593,43.204627,273,297,448,1
131.34,50.59,5,127.215679,6.327272,261,291,549,1
131.43,62.6124,2,131.059753,9.081025,199,336,661,1
131.92,22.8091,8,131.211852,4.306625,196,317,739,1
132.01,4.5244,8,131.784568,3.052541,182,343,819,1
133.25,3.71,8,132.01284,3.232143,212,411,860,1
132.89,73.9475,1,130.654815,4.03952,302,444,822,1
132.7,34.5691,10,131.377778,11.493154,228,380,774,1
129.52,5.5004,7,131.332963,6.031691,221,423,905,1
130.32,19.5656,7,125.484938,11.963777,268,268,511,1
131.15,17.49,2,131.055309,8.95089,199,379,763,1
131.6,12.5219,2,129.880617,9.116838,239,470,933,1
131.4,22.2136,5,131.342222,11.810398,238,396,801,1
131.73,13.8811,5,130.66321,9.278884,266,421,804,1
131.51,42.84,9,127.318519,2.690737,297,458,842,1
132.03,26.8844,3,132.245556,2.854936,205,322,810,1
130.81,74.8564,0,129.379136,7.337796,255,472,929,1
133,20.6211,15,131.581235,5.59277,270,359,650,1
133.19,74.4324,2,129.180123,6.369258,243,479,855,1
131.91,5.3459,2,131.920988,2.900296,201,290,697,1
134.32,39.3611,4,132.2,4.971972,202,291,672,1
133,5.9416,13,132.035802,2.93711,237,341,729,1
132.38,4.0675,6,132.078765,3.621076,207,281,720,1
121.95,17.03,11,121.807901,19.142399,291,270,445,1
133.07,63.9336,0,129.65642,4.624156,275,442,820,1
132.6,1.8611,11,131.562346,2.304329,201,422,966,1
131.43,8.1075,15,131.291481,4.409132,218,392,889,1
129.97,76.0676,12,127.266914,5.036321,285,273,485,1
132.31,16.7064,17,130.834691,12.578234,253,262,523,1
131.56,18.7779,3,131.112593,4.821067,190,352,807,1
130.65,117.1364,3,126.152593,4.305467,287,466,809,1
130.3,34.2656,7,131.590741,7.859304,223,388,729,1
130.57,35.09,13,130.123704,4.39085,248,272,555,1
129.81,34.7139,5,125.679506,24.815721,265,260,453,1
131.51,13.1356,6,131.524691,4.598897,201,361,887,1
131.13,35.2851,4,129.197778,6.001291,255,482,963,1
130.56,9.2636,8,130.395185,4.601039,197,473,979,1
132.21,20.3724,21,131.118889,4.960858,221,298,622,1
133.16,5.2275,6,131.949506,3.280409,197,299,673,1
130.38,14.5396,14,127.658148,4.174532,279,457,795,1
131.14,3.8664,18,131.310741,5.325388,205,400,846,1
130.54,67.2616,5,128.174938,3.217421,292,467,803,1
132.96,23.9675,1,131.261975,3.785476,225,269,663,1
132.42,53.7531,18,130.157901,9.399227,231,287,638,1
131.19,15.1976,6,131.309383,4.062708,258,325,647,1
128.05,15.8584,17,124.511728,28.792354,267,285,475,1
132.01,54.3131,4,129.991358,6.911146,263,463,856,1
133.54,11.43,12,132.346173,3.996236,216,314,741,1
131.86,37.8364,2,129.878519,7.996121,229,438,793,1
131.38,10.3004,7,130.026049,3.984884,236,435,924,1
132.42,430.82,3,131.322222,9.214279,226,319,630,1
131.66,85.0459,1,129.000988,8.059873,242,493,876,1
130.17,22.1916,8,128.182469,12.480598,239,287,585,1
129.53,41.94,9,131.76642,7.118834,212,413,897,1
131.73,43.5659,3,131.022469,8.357087,197,360,716,1
129.88,11.0739,12,128.680864,7.314618,249,306,587,1
133.82,24.02,8,131.588025,15.511491,224,352,659,1
130.74,30.8619,4,127.261235,15.493769,255,293,560,1
132.36,58.5299,6,128.089877,8.722515,271,469,795,1
133.05,83.9875,17,130.21642,5.693977,220,275,574,1
129.52,27.8979,16,124.566667,35.187766,275,300,473,1
131.41,24.2491,16,129.154198,5.088019,264,272,506,1
131.62,4.8336,3,132.198025,5.691412,191,300,624,1
131.98,39.0204,0,130.55963,3.138166,222,486,994,1
131.59,25.1675,8,130.011358,9.050223,274,339,562,1
128.88,37.1979,21,124.590617,16.554833,284,294,462,1
129.52,7.1536,16,127.147037,21.262381,282,305,517,1
131.04,21.3299,4,131.217654,10.134925,220,352,691,1
134.81,16.6356,8,132.400247,4.055017,221,306,677,1
131.59,7.98,15,132.066667,2.578733,186,381,920,1
130.9,51.9459,16,130.516173,4.056816,259,298,588,1
128.92,23.0676,12,127.052963,5.257064,292,260,469,1
131.25,6.2259,6,131.281852,4.369883,218,307,693,1
133.08,6.5784,2,131.879753,3.234583,210,280,656,1
115.81,294.78,10,109.120988,270.001906,440,476,520,2
101.66,156.9576,5,106.78963,179.301039,401,464,500,2
105.64,631.5475,4,106.924444,125.57948,452,449,497,2
114.92,308.4675,8,111.602099,112.212877,364,412,483,2
117.83,227.3579,8,107.180494,133.153536,391,476,526,2
114.58,149.2611,5,107.421728,164.896948,382,417,491,2
112.81,546.1811,3,107.718025,257.575296,513,420,478,2
102.25,78.5619,5,101.787037,50.024189,315,374,542,2
101.85,890.4251,9,108.741481,101.831748,388,444,492,2
102.76,622.0339,6,108.08,136.114286,403,405,455,2
101.13,258.1219,5,107.770494,164.285352,372,498,588,2
117.49,187.6724,10,112.726667,160.321113,350,387,506,2
117.43,915.3344,8,108.885185,170.71361,360,433,504,2
112.94,123.7219,2,110.955556,92.093536,395,432,492,2
109.7,542.5436,0,110.234691,199.701705,332,420,523,2
106.56,1222.2451,4,107.913951,109.240707,384,473,521,2
109.46,865.09,5,107.162593,149.016427,404,445,484,2
106.8,545.4576,13,110.269506,76.198281,343,438,516,2
111.1,903.5171,3,111.293457,85.683005,339,434,511,2
101.58,71.6376,5,105.586173,52.606491,379,404,521,2
105.19,376.5584,8,109.95358,123.666967,345,419,517,2
103.75,842.8011,6,107.357407,131.092798,350,418,485,2
104.47,639.7424,3,106.037901,106.396674,431,471,509,2
112.09,2297.2244,5,110.42679,157.058485,343,454,524,2
102.7,624.0244,9,105.157037,99.896098,410,507,556,2
102.82,30.4875,4,104.528272,65.541713,291,411,535,2
104.46,306.4584,9,105.574938,82.46669,388,451,528,2
121.19,186.0044,11,108.93284,153.775085,422,419,493,2
101.64,635.8756,4,106.387037,191.298047,390,431,458,2
111.4,466.5936,6,107.62,115.641351,367,429,488,2
102.08,118.0956,21,101.850988,41.241917,284,346,531,2
105.5,785.3184,14,106.167037,101.267482,397,490,552,2
120.69,255.9004,6,116.033827,121.174349,330,488,575,2
120.67,510.4024,5,107.132222,158.968242,459,446,493,2
102.69,73.2804,6,101.477901,33.795156,286,416,543,2
104.95,207.1275,10,106.175062,64.463906,319,474,525,2
110.57,761.9636,12,105.891358,97.39397,404,458,501,2
102.81,418.28,6,107.823951,126.796228,371,509,556,2
106.11,1526.4904,3,105.575309,137.438636,411,454,521,2
100.75,183.1496,6,104.058395,77.046512,413,431,518,2
109.24,594.7611,6,105.17037,128.277335,437,441,527,2
101.27,176.3059,3,105.306173,158.828985,377,390,456,2
106.54,279.3339,4,106.285802,102.717434,444,460,533,2
117.54,1215.0656,9,110.750988,96.843158,327,487,536,2
111.94,197.1571,7,109.011728,187.239084,370,419,519,2
111.86,1988.1564,8,107.863086,159.124837,353,425,441,2
105.53,904.8899,6,108.186049,141.85502,360,403,465,2
113.92,535.9675,5,112.308025,83.218448,332,427,502,2
109.06,2508.3875,1,111.080123,117.071059,335,496,516,2
119.48,374.3339,5,112.109136,104.781602,372,404,451,2
106.14,538.0744,5,105.924074,66.282395,354,499,526,2
104.17,189.4284,9,107.505062,95.049374,372,493,496,2
106.89,889.3011,4,106.498889,116.822334,470,451,478,2
102.77,508.8036,8,105.249506,78.221138,352,482,559,2
114.73,1151.7876,6,111.176543,82.427705,328,425,522,2
105.4,443.7904,5,109.399877,160.307042,329,382,487,2
105.79,342.87,7,106.817531,97.849878,426,475,525,2
115.04,366.0299,6,108.992346,124.358384,345,343,444,2
107.73,212.23,8,106.031852,67.422867,382,485,560,2
122.59,739.0891,2,107.36321,234.897588,444,407,449,2
106.52,482.7771,6,107.47037,123.155267,340,476,525,2
101.73,521.4024,8,105.972346,147.187022,393,421,470,2
103.05,111.8084,9,105.602963,61.276178,401,430,522,2
119.76,198.5556,6,119.651481,92.25726,437,482,611,2
103.41,956.5284,2,111.094815,73.861226,345,481,546,2
104.92,458.8499,4,109.093086,147.606545,456,463,540,2
110.38,921.9396,7,111.522099,129.647625,361,402,448,2
106.33,355.6539,6,104.471728,65.699884,291,431,535,2
100.2,586.89,7,106.685679,229.699994,526,428,447,2
120.82,227.7636,8,111.066049,169.821768,365,440,501,2
111.49,383.5556,1,108.973086,115.363047,327,441,523,2
102.66,641.2936,7,110.413827,183.51771,429,422,485,2
106.41,246.4004,11,107.035802,85.012216,373,452,541,2
110.74,664.7896,9,105.154691,86.020973,325,443,533,2
108.97,1396.0716,4,106.31716,90.950433,370,439,475,2
116.38,711.1784,11,110.829136,153.501486,376,452,507,2
107.63,500.4131,8,107.077901,168.252864,407,472,487,2
117.3,191.1339,7,111.094074,146.103485,487,453,530,2
106.01,144.5059,8,105.808272,59.943302,363,429,523,2
101.94,261.6219,6,109.93716,130.229109,334,427,480,2
103.44,273.6451,9,105.73284,81.763618,316,475,525,2
113.42,595.4979,15,106.661852,148.788372,334,348,477,2
110.62,508.9244,3,107.94284,182.231078,441,467,548,2
117.31,471.11,7,109.707531,120.209345,377,458,500,2
104.34,1023.5664,3,108.954444,129.589276,389,442,496,2
114.37,164.0819,5,107.134938,163.205556,421,484,541,2
104.49,111.0296,6,102.876667,45.092743,282,399,556,2
99.8,179.1179,4,105.196543,66.50439,328,431,487,2
112.67,548.0756,4,107.514074,89.817197,347,434,465,2
101.99,179.2699,6,107.090247,72.671402,364,454,499,2
101.11,264.0275,3,105.95037,77.050995,426,454,509,2
103.27,627.7971,5,106.577778,144.202823,372,428,501,2
108.4,1497.4876,5,107.309012,92.787394,376,466,537,2
103.4,165.5059,5,105.691975,85.514664,406,398,489,2
101,483.1331,9,103.973086,68.23442,336,451,508,2
106.97,402.9971,7,106.810864,107.682766,344,404,442,2
115.81,480.5756,4,108.364074,159.261746,379,429,464,2
118.53,169.2276,4,111.896296,189.589499,450,458,530,2
106.12,735.74,4,103.802222,54.63754,239,391,541,2
104.79,1448.3771,12,104.537284,105.627013,313,515,498,2
103.62,140.8584,13,107.132222,113.660271,327,528,586,2
108.23,1863.1475,17,105.621111,106.148518,290,507,554,2
105.88,1748.0475,8,106.563704,82.316617,346,487,557,2
107.63,995.3019,4,105.985185,97.600067,388,403,517,2
107.81,451.3011,5,106.631481,43.376906,388,399,488,2
103.5,175.7116,9,105.853704,63.321137,340,502,513,2
107.28,407.8764,6,108.220988,113.692126,335,457,535,2
100.55,213.3056,7,108.018148,127.715697,325,468,481,2
107.86,369.95,5,107.008642,123.756667,331,491,534,2
98.98,29.8075,4,101.873086,53.773051,310,388,557,2
105.52,375.0579,5,106.72642,77.018087,365,439,499,2
107.51,772.8139,7,107.829877,199.832222,454,423,461,2
111.49,760.2256,5,104.878148,77.135264,420,443,494,2
104.2,169.5651,12,106.94037,75.36784,372,407,502,2
103.16,1838.5011,2,105.559506,199.965975,431,437,496,2
113.73,715.9459,6,109.885185,99.268555,420,420,490,2
106.59,405.6699,4,106.525185,97.199651,343,461,501,2
118.48,57.7875,7,107.53679,146.261316,435,481,509,2
100.58,234.3499,7,106.680741,180.182334,448,495,528,2
101.53,578.0316,10,107.644568,189.091168,472,393,488,2
105.83,383.3539,6,105.771235,75.836897,385,436,494,2
116.37,622.3179,5,112.156173,108.116679,337,416,446,2
99.96,582.1244,6,108.737407,171.708893,427,417,473,2
113.62,158.56,6,106.691358,89.702232,392,491,534,2
103.07,75.4284,8,105.22358,51.892054,373,414,528,2
102.06,253.8899,2,110.414321,133.499401,373,491,539,2
101.14,44.7104,6,101.992469,55.089932,276,397,561,2
107.44,1791.2275,3,107.809753,155.210563,426,432,478,2
116.49,690.4131,5,110.401111,117.831079,437,447,522,2
114.82,598.9939,8,110.170988,146.441804,322,402,495,2
98.15,48.4931,8,103.222222,68.477874,268,413,555,2
101.07,1043.4251,5,105.444568,217.960134,540,407,453,2
96.02,273.9971,7,103.811235,155.119298,465,458,512,2
108.06,661.43,3,106.14679,86.564755,366,449,520,2
117.46,495.5804,4,111.945926,89.193318,319,421,520,2
102.22,256.6916,11,106.362099,106.974801,383,444,498,2
105.51,717.58,5,109.29,200.452436,451,449,529,2
104.1,364.3291,5,105.572963,114.829771,408,419,450,2
99.17,22.2384,9,102.900247,48.834574,275,386,508,2
103.63,618.06,10,107.060494,114.738026,352,405,499,2
117.52,99.1616,5,107.440617,112.245772,361,389,460,2
122.92,161.6864,4,113.169877,179.48051,338,388,484,2
103.12,241.1419,6,106.09642,144.148313,446,445,480,2
115.68,487.4291,12,107.287531,105.70299,395,497,582,2
105.64,152.2979,6,107.361481,94.864446,400,461,543,2
104.54,580.5379,7,106.69642,111.597454,409,472,555,2
105.01,354.9675,3,106.621111,166.63365,336,367,460,2
105.23,548.4675,1,107.148889,166.4779,404,478,500,2
102.63,2225.1956,10,112.053457,177.039826,432,427,511,2
102.04,92.8924,1,104.880247,46.597465,365,400,468,2
101.54,754.3659,2,106.453827,115.555665,438,447,490,2
110.15,108.7579,8,108.079259,135.885354,358,475,511,2
118,196.3636,12,110.765432,163.785149,390,463,503,2
104.51,509.7499,8,109.852593,133.091088,397,435,460,2
107.13,533.4624,5,106.591605,99.376837,386,482,558,2
108.51,537.1771,3,110.696914,107.138031,366,409,480,2
109.88,474.9019,8,107.408765,111.07824,340,497,543,2
116.43,350.5739,5,110.316543,140.630471,335,432,541,2
108.57,219.0739,3,107.319259,89.865141,350,532,566,2
115.82,413.3611,5,109.189506,178.574255,405,503,547,2
117.3,188.9104,7,111.001111,57.411366,345,382,430,2
106.21,2175.0731,12,108.220247,189.50857,340,413,485,2
103.54,465.9696,5,107.458519,160.136373,404,415,468,2
108.88,1009.1824,8,105.624074,134.896698,490,447,501,2
105.11,420.7051,3,109.610247,140.439545,345,422,472,2
99.53,350.4875,4,108.196914,146.410856,434,426,472,2
110.75,178.4851,7,105.580741,99.522562,377,503,544,2
107.29,376.64,8,106.595185,85.59834,345,461,508,2
101.39,74.9424,6,107.699506,115.551867,399,502,557,2
102.34,529.3276,5,108.161975,152.777965,361,429,519,2
101.79,736.2116,9,105.450617,123.265659,362,399,481,2
103.48,124.79,6,106.729877,65.53442,357,387,470,2
110.21,186.7336,4,107.89284,110.92532,348,447,481,2
105.59,613.6696,4,106.400123,198.789981,427,516,586,2
108.95,298.9811,6,114.013827,60.002529,322,433,510,2
106.07,821.2011,9,105.962346,115.742013,412,491,558,2
103.7,159.4744,7,110.020988,81.73324,351,454,519,2
100.33,249.2875,9,104.682346,156.567951,449,476,542,2
113.24,984.5124,11,105.095432,196.722867,414,462,497,2
102.2,749.1944,1,105.637901,90.350862,399,491,568,2
105.25,428.0004,5,106.586173,160.035485,538,470,501,2
112.42,414.1756,10,109.658272,138.710756,367,440,506,2
103.49,528.0456,8,106.77358,134.614854,393,473,499,2
101.33,347.7904,5,107.490123,196.296049,379,449,466,2
104.46,1043.56,9,107.308642,120.950917,415,491,530,2
104.4,321.7979,5,109.144321,110.366955,314,453,506,2
101.81,128.3675,9,103.130247,60.079391,298,404,553,2
113.27,799.6304,1,109.40358,188.553075,349,429,506,2
106.98,2922.5675,6,106.426914,110.199423,455,446,544,2
103.89,397.3275,7,110.466914,125.973981,372,434,487,2
108.06,271.3264,2,113.859136,86.34193,349,415,516,2
97.95,952.9459,5,109.190247,220.007415,383,445,521,2
103.56,965.3419,8,107.92358,171.261789,476,434,486,2
107.36,466.0564,8,110.038765,132.540944,330,407,491,2
105.99,514.9371,6,106.997284,64.784932,361,481,555,2
103.37,147.5796,4,103.996914,47.839645,342,405,527,2
106.22,1016.6476,5,106.429259,163.946543,429,418,460,2
101.74,719.2504,12,108.373333,167.817593,411,420,464,2
102.16,1213.9736,3,109.036914,181.713368,407,429,514,2
100.1,245.5251,6,105.990741,172.961869,391,411,443,2
106.04,186.6504,4,104.896296,43.240731,337,413,583,2
119.66,281.6644,7,105.817407,155.104011,385,465,537,2
112.56,366.7475,2,108.972469,139.298302,284,445,511,2
101.97,1569.8904,14,106.348889,178.796209,403,436,466,2
104.06,695.3904,3,106.469259,121.286725,433,448,493,2
107.81,767.3691,6,106.536049,142.285577,380,499,569,2
103.78,614.0075,8,107.197037,138.535944,359,461,482,2
112.41,377.9484,10,107.559877,157.232438,413,482,523,2
109.75,725.8524,6,111.499012,157.56329,352,389,531,2
98.19,252.1251,1,106.989753,181.222753,372,421,459,2
102.72,185.9619,10,105.391111,179.225649,431,457,518,2
108.5,430.0331,5,110.71679,106.346884,316,402,490,2
106.88,1191.35,11,108.855679,125.382928,364,507,522,2
102.17,444.7644,7,105.972346,203.440024,428,388,478,2
122.86,98.0184,3,106.836914,207.275648,468,440,496,2
102.2,509.7364,6,108.17321,148.61356,352,428,514,2
103.63,1657.58,2,107.935926,237.063277,452,438,494,2
101.57,557.5675,8,109.046296,134.287273,370,459,523,2
106.71,1141.0419,5,107.105556,176.245512,371,418,447,2
117.97,200.1099,7,110.952099,177.913893,339,402,492,2
108.85,1968.2691,1,109.872593,121.027232,364,499,567,2
111.57,1554.8539,7,108.292963,92.911101,355,524,567,2
101.21,614.5299,6,106.294321,183.113131,477,487,481,2
108.65,969.5696,8,108.155062,133.72824,332,432,487,2
101.68,17.9859,7,103.440494,60.60854,269,367,540,2
113.69,551.7611,16,106.850494,163.351042,331,361,415,2
111.24,2204.5304,8,108.414074,155.7593,447,446,487,2
110.03,1569.1499,8,106.641975,129.142715,382,435,496,2
111.15,1287.2516,8,107.438148,140.565259,382,496,545,2
104.23,156.3496,5,107.270741,107.891219,397,411,484,2
121.46,229.4576,8,113.656667,87.375051,337,410,518,2
116.47,3102.91,10,106.554444,102.333873,349,424,471,2
104.88,1285.2299,2,105.646667,94.384636,443,511,558,2
108.62,1577.0396,5,108.949136,111.623532,383,494,519,2
111.34,4721.1291,3,106.646173,193.334215,388,450,490,2
103.78,350.64,3,107.639012,149.860166,343,496,549,2
105,414.2891,11,107.748889,167.659426,412,421,481,2
114.07,1256.9324,6,107.114691,98.748749,379,380,507,2
121.86,310.1075,4,108.504938,167.741336,446,428,463,2
116.1,101.1476,12,110.194074,98.42434,354,419,510,2
119.85,125.3651,6,110.743457,80.431723,336,404,498,2
109.3,1108.3691,10,104.98358,57.527338,419,393,522,2
109.3,1678.5379,10,104.886049,89.828704,347,506,590,2
110.5,209.0075,8,109.868148,105.940763,370,417,516,2
109.93,663.2371,17,105.840864,141.932839,321,493,514,2
103.41,117.7876,3,105.646914,90.968711,364,494,524,2
105.67,254.1756,10,107.892593,211.72515,399,401,468,2
101.1,411.2491,6,105.502099,137.929405,406,445,528,2
100.65,342.0139,7,105.790617,149.702861,475,422,489,2
115.57,1111.2076,5,109.043951,170.820028,414,423,454,2
118.84,52.3259,13,109.207407,237.72882,397,464,562,2
107.05,2711.9475,9,109.532346,130.948236,441,456,475,2
103.04,216.2716,10,106.161111,93.668469,361,420,496,2
103.07,908.1891,4,108.479877,157.579015,314,428,498,2
119.99,133.9875,6,106.851111,138.17088,366,480,502,2
112.93,423.6819,4,108.560617,129.372735,416,476,501,2
103.14,458.8739,7,111.435556,131.248972,384,433,484,2
108.72,507.8836,11,111.767407,89.800061,339,452,484,2
102.75,269.0971,10,103.710864,59.637723,267,378,543,2
105.54,251.8579,1,103.472099,51.288088,258,401,555,2
117.87,151.7736,6,107.236543,163.812874,423,491,535,2
117.89,37.1475,3,105.704074,91.312569,363,453,524,2
110.32,1491.34,5,107.24358,190.389791,457,419,502,2
128.1,500.3331,2,109.300617,88.035528,334,442,543,2
105.88,746.4224,2,104.390741,59.176449,259,410,509,2
119.11,115.5996,5,111.070247,106.593603,317,410,514,2
111.28,2598.3179,10,108.171481,154.106899,397,432,500,2
122.6,37.7691,8,114.527407,139.715511,328,419,517,2
102.31,486.2396,9,106.091235,129.528259,389,425,489,2
105.9,350.1075,7,106.431728,98.701699,385,423,511,2
114.99,843.5411,3,109.832593,205.759135,441,424,483,2
98.68,241.0539,7,106.034568,172.094301,480,441,460,2
108.19,313.6644,5,110.245679,100.122803,373,426,507,2
108.17,888.3476,4,107.221111,53.951022,394,498,560,2
116.64,134.5771,8,109.36284,114.43463,423,423,482,2
103.25,302.3264,12,106.458765,108.686457,417,454,520,2
111.65,647.6459,3,106.509012,76.4507,376,492,563,2
101.68,433.8339,6,104.742222,160.300695,603,414,485,2
104.43,133.7204,4,104.804444,67.705304,314,396,499,2
115.96,396.9875,4,111.605556,176.826326,333,487,490,2
120.96,79.3196,13,111.796173,186.540778,446,480,532,2
105.05,401.2356,8,105.04716,36.853034,374,481,526,2
106.91,503.5131,5,106.683827,97.99389,395,494,540,2
110.25,830.0675,4,106.703086,140.442245,361,534,571,2
118.05,337.7484,5,111.736296,155.92323,314,400,498,2
103.33,155.2875,3,104.614321,64.358045,337,487,562,2
111.82,758.9339,8,108.860123,141.249925,380,480,520,2
111.25,1206.15,9,110.096914,119.908233,460,443,524,2
117.44,304.2476,4,109.491235,151.049624,364,456,543,2
105.67,612.8891,3,109.044815,118.758936,394,431,501,2
108.77,393.3704,10,107.129877,150.385949,374,424,481,2
106.86,917.7299,1,108.429383,189.695545,475,519,556,2
105.77,654.4539,9,106.04,117.94333,380,468,567,2
105.39,666.27,8,106.061481,104.095566,443,434,464,2
98.67,230.1076,10,104.959877,195.363951,440,485,514,2
116.26,760.7404,5,112.650741,148.614691,491,524,589,2
104.89,355.3051,10,109.126173,63.229713,319,421,463,2
99.59,127.4691,4,102.817407,57.452843,264,385,529,2
117.02,226.3619,3,110.231235,153.70747,320,393,496,2
111.67,760.8864,6,110.121235,72.158804,358,433,484,2
100.11,374.7659,5,107.34716,156.237702,514,486,516,2
110.84,287.5836,6,107.46963,143.512936,339,499,536,2
104.83,318.8064,5,107.638889,160.761167,347,435,504,2
117.38,197.8636,5,111.04642,128.056041,302,476,512,2
103.45,790.6179,4,109.49,105.17685,380,462,534,2
115.47,180.8236,8,118.774321,117.977813,544,444,579,2
107.79,262.4196,4,106.178025,69.460497,415,435,487,2
111.23,1021.52,6,110.977654,81.532991,319,390,476,2
103.52,446.29,4,108.834321,102.201308,351,471,542,2
105.7,1443.2016,13,109.863951,201.500198,392,417,544,2
108,802.7451,5,106.236543,70.669139,337,500,568,2
104.17,387.3531,3,105.334444,93.047322,320,437,508,2
108.5,1088.5424,5,111.41,118.768329,419,449,530,2
104.25,722.9339,3,105.151235,120.885649,321,369,442,2
105.95,505.5979,5,102.811975,36.157841,294,383,583,2
105.56,1335.5204,7,104.966296,100.287776,452,441,493,2
118.29,228.12,5,106.154568,201.655186,456,453,536,2
104.38,569.0771,0,107.005185,113.032679,340,491,548,2
102.05,242.0516,2,106.110494,124.640727,417,459,538,2
112.27,1169.92,6,108.45,156.755233,380,419,534,2
107.71,421.7851,8,108.500494,130.703472,378,485,510,2
107.5,271.4384,11,108.63358,128.009104,359,470,545,2
109.56,1724.6164,7,110.380864,122.982459,348,523,559,2
108.59,1941.0384,9,107.244938,174.956575,402,438,497,2
106.35,574.2371,7,106.566914,180.414165,477,403,455,2
100.78,502.9524,3,106.426914,180.92668,367,449,453,2
107.03,473.15,10,105.67642,84.959351,418,464,513,2
104.57,420.1264,6,110.549383,95.683302,348,408,473,2
115.14,1743.1475,6,109.20642,155.196406,366,412,488,2
102.25,467.2664,5,108.60963,149.951472,359,485,527,2
105.35,978.0851,5,108.314568,144.297001,373,414,490,2
102.57,734.4179,4,106.687778,167.50776,432,413,504,2
119.94,110.7419,9,110.772099,115.31319,350,429,498,2
105.57,1625.0771,4,109.400864,201.895267,383,443,531,2
108.46,735.5611,1,108.977284,83486,323,508,545,2
111.35,1397.0771,5,108.943457,143.419068,377,439,511,2
103.74,525.1275,7,106.788889,104.691531,369,442,518,2
105.69,1086.3819,2,107.014938,88.805058,331,385,472,2
118.76,75.05,4,111.262963,113.758459,354,460,514,2
106.38,729.8091,1,109.668395,145.681765,381,399,456,2
115.3,456.5664,3,114.720741,161.086184,478,387,524,2
120.52,89.4859,10,111.817407,88.422086,345,415,477,2
116.32,214.9224,7,110.185432,176.527281,435,427,454,2
103.12,1959.2691,5,107.271235,221.032923,556,477,530,2
106.56,224.3075,10,110.950741,143.580034,432,424,534,2
117.68,520.8424,13,112.516296,76.205664,358,410,454,2
102.13,68.2451,4,107.333827,115.46315,419,453,543,2
105.86,946.9371,8,106.342963,155.66051,432,447,505,2
108.05,1351.5316,4,108.429506,120.725504,358,423,500,2
112.45,440.5819,7,108.428519,156.289275,451,416,472,2
111.67,781.1836,9,106.81284,158.585573,461,439,483,2
105.15,613.7979,9,107.255802,113.786748,411,419,464,2
103.63,280.1339,5,105.646543,167.326909,358,428,462,2
101.59,41.2091,4,105.214691,67.060964,379,472,525,2
118.69,151.5444,9,107.337407,133.968422,413,465,527,2
105.38,89.6016,6,105.203704,40.722675,395,432,519,2
105.42,414.5011,7,107.57037,86.759338,348,442,493,2
104.23,241.7459,4,107.805309,84.049822,413,408,483,2
104.7,514.3075,10,107.271111,261.820069,397,429,444,2
108.61,395.71,5,108.085926,106.506059,324,469,547,2
111.09,479.6104,1,104.877654,75.681137,297,402,569,2
105.72,445.8771,4,107.377654,190.229989,416,429,457,2
104.21,258.8011,8,106.245432,162.897459,477,418,455,2
115.31,253.1771,6,111.983704,101.43986,364,453,507,2
105.46,176.9916,3,108.362469,105.99436,445,442,517,2
104.19,450.56,3,106.564938,91.138037,298,434,522,2
110.25,599.6611,5,106.858148,111.996511,366,494,541,2
105.73,119.7184,4,106.35963,74.677963,382,437,522,2
102.25,770.28,9,107.473457,127.517212,330,453,497,2
106.13,1008.3219,0,104.444938,76.031475,344,452,538,2
101.94,777.1496,10,107.312716,155.123511,368,436,512,2
117.65,2544.5464,4,106.726667,248.353916,564,446,471,2
109.88,1295.9084,7,108.720864,156.88935,339,484,542,2
117.53,2762.9896,1,109.935185,162.760518,448,457,520,2
102.52,135.9659,9,107.528889,87.887445,440,351,462,2
102.39,375.1596,7,108.413457,150.867901,348,414,481,2
128.47,14.7924,5,119.632222,157.816743,391,455,549,2
113.75,157.9996,15,111.30716,82.373965,361,434,512,2
98.62,447.7939,4,104.828642,183.665027,457,459,505,2
105.79,908.9275,16,105.348519,84.797443,339,430,531,2
103.16,1134.5996,7,106.371605,154.015886,377,494,531,2
104.49,340.8424,6,106.131605,64.786136,377,404,494,2
113.52,1236.0184,6,111.144815,140.071654,366,375,471,2
104.46,1070.1091,3,106.549136,114.195309,443,439,502,2
106.79,880.6604,3,109.209506,119.302459,389,423,452,2
100.81,911.0956,7,106.027037,131.460134,388,495,564,2
103.41,1920.1216,5,103.646667,154.153429,486,453,535,2
101.56,1348.2075,6,105.411358,166.469885,416,431,479,2
105.87,1257.9216,2,106.687037,84.827284,369,507,583,2
101.31,150.1499,6,106.510741,157.458334,449,461,511,2
119.18,558.6059,3,113.12358,142.30443,358,499,574,2
109.5,680.2636,1,108.320617,88.600943,343,441,548,2
115.02,209.4364,6,107.239383,100.224883,354,477,513,2
104.93,460.7836,7,108.154074,88.585625,353,470,537,2
102.56,228.2851,6,104.921358,103.852924,330,443,529,2
115.37,525.7276,2,109.734074,195.297448,381,440,511,2
107,1530.5196,6,106.802346,140.558116,389,450,506,2
107.35,385.2756,5,106.865185,121.113783,365,428,469,2
103.31,398.4336,7,106.898889,188.26968,442,467,493,2
109.25,378.8884,9,110.653951,81.482849,366,443,503,2
109.79,2555.5496,3,106.127778,157.683619,417,481,519,2
107.59,670.91,4,105.959259,55.717294,325,482,538,2
102.98,454.6571,2,106.678765,147.379406,362,446,536,2
108.27,1070.8376,7,105.068889,41.373368,358,402,511,2
103.42,291.3475,7,106.007284,116.005299,473,460,553,2
104.36,130.0099,5,104.877531,73.300468,345,524,572,2
123.98,143.7156,7,107.181728,166.985807,442,447,484,2
105.9,207.4459,8,108.477778,112.175013,377,469,544,2
103.82,260.64,6,107.362593,79.113738,343,499,557,2
110.03,2050.5819,10,106.74037,96.292711,346,491,538,2
112.9,749.4996,6,111.397901,157.488953,345,418,470,2
104.15,270.64,10,104.891728,102.591051,427,425,513,2
104.23,150.8059,7,107.047284,121.255317,362,463,507,2
102.88,739.2964,5,104.36963,105.028996,412,450,495,2
99.53,45.0259,8,102.543951,51.429407,294,372,499,2
115.34,236.8979,6,108.633457,146.603373,355,496,537,2
106.32,956.1864,4,108.388889,109.363886,473,440,519,2
111.21,208.0931,11,108.234568,188.306869,414,416,483,2
109.43,1564.2224,5,108.274938,168.556887,326,384,485,2
106.97,708.2139,12,108.376667,165.206322,375,458,492,2
103.17,73.9444,7,105.713086,86.118169,395,433,521,2
103.12,469.5579,4,104.488148,108.326294,395,418,485,2
103,459.5075,12,106.799012,161.739163,388,482,498,2
105.2,1028.0019,1,104.403951,79.59367,287,357,470,2
104.61,304.9664,8,106.69716,96.508094,314,400,532,2
101.74,112.7796,2,104.710741,58.049011,377,441,544,2
124.83,23.5051,7,117.609259,97.511396,359,434,550,2
106.4,884.13,6,107.613333,102.451002,395,496,519,2
114.77,263.5579,15,107.950741,109.239322,351,469,498,2
111.83,843.2136,3,108.76037,254.70953,407,451,529,2
104.66,263.0096,7,106.65358,70.309365,395,397,486,2
108.17,889.6739,6,107.617654,125.129276,391,437,479,2
106.15,392.6939,7,108.638519,106.122424,327,443,498,2
100.4,33.82,10,101.999136,39.358146,317,375,582,2
104.8,186.3776,12,110.42284,87.490209,330,390,461,2
108.56,214.4299,8,108.563086,61.831822,380,446,520,2
102.92,603.1379,9,108.804074,153.417456,454,475,529,2
106.06,919.2796,2,106.04679,52.35547,381,394,518,2
106.11,484.77,7,105.466173,105.106048,366,384,437,2
105.25,514.1211,4,108.846049,186.922837,477,417,487,2
104.46,132.5744,6,105.173086,37.311124,415,432,498,2
103.35,317.0744,7,105.49679,139.272192,359,411,443,2
117.19,858.1824,2,108.474938,180.730938,442,454,525,2
107,533.4819,4,108.722593,159.807731,361,442,511,2
108.08,1444.4259,5,108.55642,131.898765,441,409,473,2
104.34,283.1075,5,105.958272,85.359517,387,436,535,2
102.92,1109.0659,8,106.462593,218.408718,468,435,503,2
103.14,1189.2156,7,105.1,173.224785,620,397,485,2
101.02,437.3436,4,102.373951,96.783459,428,446,518,2
106.38,272.9164,2,111.606914,107.879371,313,421,512,2
110.02,265.9084,7,106.844321,86.668006,392,461,535,2
111.14,3249.8579,1,109.010741,181.510593,385,430,497,2
97.82,513.5275,6,105.284568,176.360711,439,437,509,2
108.51,73.4371,7,107.607531,51.734999,351,406,531,2
109.73,283.7131,5,106.897531,87.780439,374,430,528,2
103.35,144.8736,8,107.353333,111.62998,368,468,525,2
105.18,356.7371,7,106.187531,76.505706,458,441,486,2
102,405.4536,9,105.721728,124.154376,394,455,488,2
103.84,473.5011,2,109.577037,119.817537,486,474,543,2
107.3,403.04,4,106.518395,156.339842,332,348,464,2
104.42,314.0476,6,105.076049,52.090168,371,444,502,2
110.96,1536.28,8,104.934198,90.874464,293,454,529,2
114.13,676.0496,7,110.539877,133.0651,356,403,493,2
115.01,622.3619,5,105.98963,125.854964,399,510,567,2
104.24,537.1875,8,108.731728,179.018267,432,427,512,2
104.62,393.0011,5,108.356296,134.151036,422,466,504,2
103.2,102.6104,8,105.479012,80.515428,384,390,497,2
99.18,285.2011,8,104.757284,68.052643,405,403,544,2
106.74,232.7179,9,106.289012,49.530394,358,399,498,2
105.87,166.2496,8,111.545802,85.45802,369,420,465,2
100.97,202.4379,7,108.50963,126.072574,342,417,488,2
112.6,145.04,9,106.380741,127.219721,403,504,544,2
117.17,93.6384,5,110.490864,101.039721,332,374,416,2
113.59,885.5784,5,111.168272,92.321315,384,420,495,2
107.56,1717.1731,5,112.123086,147.505226,347,422,487,2
103.88,959.1931,4,106.964198,321.36781,412,445,514,2
101.68,464.2451,7,107.480494,183.557042,470,452,509,2
103.01,1108.81,10,107.21679,150.529861,492,464,499,2
107.01,269.4656,6,110.423086,128.30913,365,428,518,2
106.1,377.7675,10,108.962963,120.838381,486,449,527,2
104.73,90.9019,10,104.026296,41.980233,434,396,506,2
103.1,910.6731,5,105.208272,151.15071,390,445,510,2
101.02,228.7204,4,105.961111,102.722601,356,435,480,2
109.97,822.1875,5,108.177284,167.635022,389,469,539,2
122.81,266.8691,8,110.161975,211.992164,391,448,525,2
103.91,413.4976,7,108.656914,104.690716,348,480,557,2
112.74,191.8011,6,107.823457,153.463668,454,445,486,2
109.32,215.6484,6,107.328765,63.244659,342,449,503,2
104.66,1040.8075,3,109.34716,144.59451,364,431,497,2
102.48,333.9771,5,105.856173,90.416815,302,391,537,2
106.23,623.7044,6,106.690988,93.696984,390,516,543,2
109.01,343.9379,6,106.662222,168.45047,376,448,477,2
104.96,990.6356,6,106.838272,203.931149,336,409,465,2
102.93,801.3024,6,107.678519,135.347508,349,516,539,2
132.01,107.4016,8,114.119012,70.51117,350,454,514,3
108.78,333,7,123.665309,81.001236,322,464,543,3
126.02,346.7931,3,115.666914,119.858531,319,518,553,3
124.78,242.6956,5,110.380741,67.944862,393,442,490,3
124.53,849.6276,3,121.641728,62.594508,331,403,477,3
124.58,74.4899,7,107.244815,56.385055,282,388,470,3
120.12,240.5275,4,115.988642,43.177179,421,497,568,3
125.65,530.02,10,113.068642,53.273864,346,497,593,3
128.63,163.58,7,118.622469,56.489292,313,431,548,3
120.84,709.03,7,111.439383,75.053183,406,434,493,3
127.75,731.5996,2,115.122963,111.581165,320,503,549,3
127.14,406.35,6,117.769506,65.467293,267,399,554,3
127.03,232.0875,12,114.194568,102.390126,327,341,483,3
122.24,357.0251,8,115.529259,66.242611,340,430,506,3
122.13,73.5736,9,117.906173,119.772893,326,439,568,3
130.35,316.9875,7,123.944321,57.118796,328,393,463,3
128.19,304.0444,5,116.354444,47.183227,407,411,510,3
120.12,396.1259,3,111.147037,121.603781,408,460,546,3
132.79,148.5536,8,123.103704,93.332875,322,386,493,3
128.58,780.7484,5,114.749753,50.691446,347,492,596,3
132.93,162.8476,3,119.489383,51.831998,335,360,463,3
121.96,532.8091,6,114.131111,72.098622,342,449,504,3
127.58,252.5116,7,118.025185,70.425126,464,475,566,3
129.59,222.8,1,122.261728,58.406496,330,416,488,3
124.72,407.1171,8,115.035185,100.496998,344,457,531,3
129.21,379.3179,7,114.909506,95.148275,331,402,473,3
131.92,297.8716,8,121.737778,116.319739,318,369,493,3
121.76,503.93,1,114.141605,112.724978,324,352,504,3
127.52,146.4771,14,116.823704,55.215086,266,432,546,3
129.57,176.9211,4,117.872593,73.322963,288,407,559,3
124.98,557.0691,7,112.729506,51.998294,323,415,501,3
125.33,273.84,7,120.942222,55.501956,353,419,506,3
131.77,526.6236,8,120.66037,56.614974,388,454,562,3
128.03,279.0496,7,115.09037,111.137575,314,513,560,3
130.11,154.0099,9,116.475556,105702,323,439,547,3
133.89,62.0211,5,120.231358,58.490988,301,407,474,3
129.26,1107.2396,8,111.383704,106.331139,408,379,475,3
120.83,402.6691,4,112.154074,53.357076,324,455,535,3
122.02,961.9164,0,113.65679,58.723837,328,447,547,3
122.78,71.9259,9,107.088272,54.364056,277,363,453,3
127.22,404.0564,3,114.174691,61.495387,322,425,547,3
124.79,347.3659,15,113.066543,57.685715,350,491,579,3
128.03,1170.4579,3,111.490247,102.677635,335,458,529,3
131.31,134.1939,10,111.587407,88.249151,354,446,489,3
128.08,123.5011,3,117.004321,14.90477,311,411,561,3
130.2,1258.2099,6,112.818148,90.354429,428,495,551,3
131.28,220.6675,7,122.962716,57.201327,359,426,501,3
120.06,704.6499,2,116.644815,79.144985,457,505,588,3
124.41,184.8316,2,116.49321,34.043926,291,469,603,3
128.13,283.0036,4,118.116296,43.875397,287,482,548,3
127.68,87.6731,2,122.212469,59.618158,315,385,525,3
130.77,390.14,7,122.156914,103.943947,331,473,576,3
126.82,255.9475,9,113.945185,81.085087,350,395,481,3
131.79,610.4344,7,118.418889,78.968148,371,440,538,3
128.27,225.0971,12,115.171975,111.885641,322,537,562,3
131.31,97.8104,8,111.391111,64.337407,368,399,500,3
112.12,530.9604,4,112.801852,64.660372,343,467,551,3
129.63,408.2579,8,113.831358,79.365772,358,468,536,3
121.84,796.1779,0,113.459877,118.591956,339,397,505,3
125.68,236.3459,12,114.39679,84.329684,344,438,512,3
124.81,79.4875,3,117.497901,121.884315,329,443,547,3
111.41,869.3864,2,108.641852,108.797709,411,447,548,3
126.63,244.8944,3,119.49037,51.398044,305,436,605,3
117.49,865.2875,6,112.907531,75.875431,422,446,546,3
129.35,84.7691,7,116.980494,15.339126,318,405,564,3
125.47,1902.1696,6,115.228642,76.726916,291,419,485,3
121.05,304.5771,6,108.830494,36.437801,298,456,533,3
125.27,204.1331,3,110.376667,120.931851,401,368,462,3
122.76,615.4404,4,112.030864,57.514987,354,383,452,3
122.7,684.9924,3,115.309012,104.03424,354,440,525,3
125.88,332.4584,4,122.291235,42.009588,340,374,472,3
129.8,137.2356,7,117.645062,52.742949,281,453,532,3
125.82,156.3659,12,108.915185,48.587092,426,473,487,3
130.52,214.3904,4,120.83284,82.842941,325,493,575,3
130.46,422.5859,1,119.350988,66.160744,290,408,567,3
130.31,409.5371,4,115.066173,96.669584,397,459,539,3
130.55,305.67,8,122.85,53.325833,388,461,557,3
120.87,897.7459,3,122.900494,55.578431,394,469,539,3
125.27,242.3275,5,110.862469,68.965699,393,428,488,3
128.43,199.8939,11,116.381975,68.768641,286,433,524,3
131.69,90.1624,9,122.600247,56.511545,354,419,500,3
133.68,81.4676,9,121.539753,61.258724,304,406,477,3
129.33,385.6675,6,119.373333,62.651369,284,418,556,3
131.65,304.6424,3,120.268889,63.040123,366,465,548,3
127.92,222.0024,6,117.096667,58.919791,307,409,518,3
126.9,563.8931,2,119.666914,43.200974,303,445,596,3
127.84,294.5275,4,123.840988,83.875254,357,422,600,3
130.59,702.8419,10,118.15679,74.206452,406,452,514,3
131.98,191.0779,10,115.663333,91.868752,322,449,544,3
112.64,190.8491,2,114.987407,115.376227,325,355,500,3
119.49,185.8144,9,123.250494,67.755336,311,442,488,3
128.89,104.8336,7,116.025802,94.116381,331,443,546,3
130.77,183.69,6,120.918765,73.487942,297,389,464,3
126.83,919.5284,11,115.352469,71.646667,433,449,506,3
122.5,773.7964,1,113.084815,115.199802,354,370,461,3
125.34,196.8664,8,117.414691,52.803789,266,408,526,3
125.6,958.5024,6,116.616543,54.791562,287,436,526,3
129.54,286.2476,10,117.707407,47.268862,282,460,539,3
128,403.9475,7,117.868519,34.564409,369,493,563,3
120.27,412.1404,4,116.51284,48.215284,296,435,524,3
129.16,1141.4099,5,122.749506,51.266016,317,398,532,3
132.57,332.6856,3,121.514815,56.396037,314,367,489,3
132.93,402.5691,3,122.675185,83.045392,319,376,476,3
132.42,344.6096,7,120.192099,79.736583,318,393,483,3
126.7,153.2011,6,113.476296,55.074568,341,457,526,3
133.66,55.2539,5,120.07284,62.885175,304,411,468,3
127.06,929.9275,8,114.994198,85.922283,407,433,516,3
129.28,80.6331,8,119.974691,49.464728,347,387,480,3
128.35,265.9971,6,114.051852,48.961925,344,498,580,3
128.63,181.0331,9,113.443086,17.677341,388,387,509,3
133.05,440.79,4,124.037531,101.880231,317,369,511,3
130.27,144.2864,3,124.78284,94.702911,314,383,507,3
129.33,100.4491,8,117.885802,74.157384,288,424,561,3
132.33,274.3971,3,122.684074,18.048842,406,461,566,3
130.59,288.8136,5,121.017654,59.115266,315,423,491,3
131.64,68.2076,10,118.819753,64.434549,274,412,551,3
127.97,516.2779,4,119.895309,38.974884,304,460,602,3
124.37,125.1139,6,117.238025,118.368341,320,449,559,3
123.96,206.96,4,111.966543,53.428831,417,458,552,3
134.11,597.0651,0,120.092222,57.319405,366,466,547,3
123.14,332.7576,5,112.244444,131.601598,411,446,537,3
129.69,72.1699,5,120.952469,40.932698,410,433,510,3
128.34,67.92,7,123.306543,56.366945,311,360,487,3
122.17,663.8216,10,123.457654,93.853575,323,467,554,3
125.82,488.29,2,117.079136,16.680944,318,409,586,3
126.6,227.7451,2,115.233086,69.823373,440,467,543,3
128.22,479.3296,7,121.138642,90.710296,328,497,585,3
133.79,100.3171,10,121.29321,48.992916,328,351,475,3
128.22,612.9979,8,118.68284,67.132153,398,450,513,3
134.78,133.8331,11,122.86716,59.948842,318,405,470,3
122.63,299.1451,6,117.15284,33.999738,371,487,561,3
130.72,83.1731,4,120.743951,101.026345,365,406,546,3
124.04,229.25,12,114.22716,55.649549,348,501,582,3
129.91,177.67,10,122.931111,55.766115,379,467,533,3
128.44,1134.3611,9,113.885309,104.882124,329,495,531,3
123.75,548.0724,6,115.451235,72.187188,411,460,521,3
119.04,256.5,5,117.248765,67.114515,375,438,506,3
129.92,59.0596,5,122.310247,49.832831,316,389,523,3
124.47,140.1836,5,118.05037,51.675767,425,432,532,3
130.21,80.6876,13,122.104321,70.188337,306,364,517,3
121.68,154.5211,3,117.45358,114.557337,386,354,451,3
129.83,91.0931,8,116.65358,111.883527,332,429,533,3
129.27,176.1971,1,126.283951,89.695744,311,372,516,3
128.48,119.2075,4,111.272346,23.627298,300,443,563,3
134.53,730.8244,13,125.563333,90.002643,308,382,520,3
130.27,120.7564,3,122.699012,59.477199,362,430,506,3
126.43,613.8339,6,121.205926,59.326335,344,408,495,3
131.96,56.2616,7,117.344074,67.09988,275,404,545,3
125.81,528.6475,2,123.047778,93.778927,317,457,567,3
127.71,109.2504,6,114.597901,112.220605,312,517,546,3
111.78,128.9564,4,118.890247,45.01513,435,424,537,3
131.2,188.2875,11,123.11,58.685884,340,416,484,3
113.77,372.3576,6,115.276914,43.185295,283,448,498,3
133.27,268.5419,2,117.071235,79.977378,367,429,527,3
122.48,101.9851,7,109.859877,62.11479,311,436,541,3
125.09,318.8939,6,112.541728,38.997456,446,473,570,3
128.59,166.1459,8,116.755432,45.907146,284,458,516,3
130.41,411.2075,3,116.687037,91.837185,401,464,540,3
129.17,440.8411,6,118.334938,111.654647,389,431,518,3
127.86,1899.8604,2,119.469012,46.443036,396,443,494,3
127.76,95.9371,6,116.61642,72.705911,287,411,528,3
114.62,3329.8699,4,108.267037,147.814335,351,435,493,3
133.71,198.1059,10,121.144691,103.241432,323,392,483,3
123.79,463.7971,4,117.673457,60.92069,344,479,585,3
130.36,185.17,10,116.59963,71.22489,281,495,575,3
133.38,94.7396,7,121.33321,66.42489,306,399,469,3
133.36,147.4331,7,122.661975,64.283592,312,406,464,3
115.18,263.7456,4,109.049136,112.734992,410,432,520,3
130.78,109.4339,7,122.121358,54.428786,366,428,514,3
130.87,76.6464,3,117.921728,67.440616,288,399,554,3
130.53,171.6739,10,118.595802,52.574611,284,457,556,3
131.17,699.56,9,120.488642,67.146931,313,386,462,3
120.26,492.4091,3,116.160247,41.985067,406,487,548,3
129.78,152.7379,8,114.411358,16.373744,394,378,506,3
123.15,1295.1291,2,116.237531,114.180429,345,390,501,3
130.91,680.7324,2,120.138272,68.370081,438,446,529,3
117.41,179.2211,7,112.097037,83.562161,353,452,503,3
127.38,854.4524,0,110.357901,72.525717,355,437,498,3
111.78,234.3496,4,111.789877,59.52678,425,460,546,3
131.94,108.4371,8,119.704938,67.768979,292,403,458,3
131.14,46.4516,12,117.89963,64.690566,283,407,540,3
125.84,125.8216,5,110.411235,64.604074,310,422,502,3
130.94,163.32,3,124.340988,87.324365,309,402,506,3
132.38,71.8536,8,119.175309,67.751335,364,457,539,3
124.98,283.4251,6,116.14321,46.454014,301,429,554,3
132.66,958.8096,4,115.343704,55.16632,371,494,501,3
130.21,2257.3816,11,115.638889,120.295679,314,491,555,3
130.78,68.7864,14,119.86358,45.954838,310,447,614,3
128.1,72.1275,4,119.627778,47.213108,358,373,492,3
128.33,257.3011,4,114.765432,107.135442,321,523,555,3
128.93,427.3475,7,115.11358,78.652775,422,436,516,3
129.29,194.3796,8,122.534568,37.794228,393,441,532,3
129,137.5024,10,119.195802,15.58346,326,424,553,3
125.98,338.7851,9,117.68716,42.455765,290,471,552,3
130.85,246.1411,7,123.145802,56.767951,339,401,486,3
